<?xml version="1.0" encoding="UTF-8" standalone="yes"?>
<?xml-stylesheet type="text/css" href="wonders.css"?>
<ancient_wonders>
    <wonder>
        <name language="English">Colossus of Rhodes</name>
        <name language="Greek">Κολοσσός  της  Ρόδου</name>
        <main_image filename="colossus.jpg"/>
        <location>Rhodes, Greece</location>
        <height units="feet">107</height>
        <source sectionid="56" newspaperid="21"/>
    </wonder>
    <wonder>
        <name language="English">Great Pyramid of Giza</name>
        <name language=""></name>
        <main_image filename="pyramid.jpg"/>
        <location>Giza, Egypt</location>
        <height units="feet">455</height>
        <source sectionid="29" newspaperid="112"/>
    </wonder>
</ancient_wonders>